id,ref,owner,tel1,tel2,tel3
797051,RE16841,44556041,0488987717,,0488/98.77.17
797051,RE16841,44556041,0488987717,,0488/98.77.17
800551,RE17338,44556041,,,
801403,RE17004,40944767,,0498/03.63.84 p?re,0489/11.24.23
801404,RE17210,40861304,,,
801401,RE17407,42493855,32491186210 (n?erron?),,
801402,RE17425,42493855,02/529.16.42 (responsable finance),,003225291546
798151,RE16669,40861304,,,
799001,RE17319,42493855,,,
801407,RE17134,40861304,32497361257,,0497/36.12.57
801408,RE17148,40944767,042246490/404,,
801405,RE17216,40861304,,,
801406,RE17396,40944767,,,
801409,RE17383,44556041,,,
801410,RE17179,40944660,,,0465/99.75.98
801652,RE16937,40861304,,,
801411,RE17184,42493855,,,0477/77.43.42/404
801653,RE16949,40944767,,,
801651,RE16906,40861304,,,
801414,RE16939,44109658,,,
801415,RE16705,42493855,32492063904,,
801412,RE16900,42493855,,,
801654,RE16710,40944660,04169903/404,,
801413,RE16902,44109658,,,
801655,RE16913,40944660,,,
800527,RE17223,40861304,,,
800528,RE17150,44556041,0496410582/404,,
800525,RE17211,40944767,,,
800526,RE17221,40944660,,,
800529,RE17393,44556041,,,
799251,RE16685,42493855,,,
800530,RE17153,40861304,,,
800531,RE17162,44556041,32499840669,,0489/68.08.38 /404
800534,RE17196,40944660,,,
800535,RE17183,40944660,0477 94 21 54,,0477/94.21.54
800532,RE17373,42493855,,,
800533,RE17387,44556041,,,
800538,RE16709,44109658,,,
800539,RE16917,44109658,,,
800536,RE16909,40861304,,,
800537,RE16905,42493855,,,
800541,RE16924,44109658,,,
800540,RE16921,42493855,,,
800301,RE17366,40861304,,,
801201,RE17072,44556041,0487/62.24.30,,
795901,RE16859,44109658,,,
800351,RE17126,44556041,32473426791,,0473/42.67.91
801454,RE17217,40944767,,,0478/73.55.29
801455,RE17228,44556041,,,
801452,RE17215,44556041,,,
801453,RE17214,40944660,,,
801458,RE17392,40944660,,,
801459,RE17151,44109658,,,0486/59.29.19
801456,RE17156,40861304,,0465/34.29.18/404,0466/22.35.30 - MAMAN
801457,RE17398,42493855,32498700660,,0492/39.01.67
801451,RE17230,40861304,,,
801418,RE16927,42493855,,,
801419,RE16931,44109658,,,
801416,RE16952,40944767,,,
801417,RE16919,40861304,,,
799051,RE17321,44109658,0032492847730/404,,
800101,RE17123,40944767,0496030760,,
798301,RE16676,40861304,0497396406/404,,
796124,RE17016,40944660,,,
796123,RE17285,40944660,,,
796122,RE17288,40944660,,,
796121,RE17033,40944767,,,
797451,RE16849,40944767,,,0494/07.34.57
796120,RE17271,40944767,,,
797450,RE16711,44109658,0498757153,,
796119,RE17278,44109658,,,
801001,RE17011,40944660,,,
796118,RE17105,44556041,,,
797449,RE16701,40944767,,,
796117,RE17356,44109658,,,
797448,RE16942,40861304,,,
796116,RE16691,40861304,,,0491/29.77.36
797447,RE16904,40944660,,,
796115,RE16693,40944660,0494836270/404,0495/28.98.50/404,0495/93.17.33/404
797446,RE17188,42493855,,,
796114,RE16688,40861304,0497249640,,0497/24.96.40
797445,RE17193,44556041,,,
800151,RE17365,40861304,,,
798551,RE16646,40944660,,,
799401,RE16680,44109658,,,0474/51.20.77
796135,RE16985,40944660,,,
796134,RE16738,40944660,,,
796133,RE16735,42493855,,,
796132,RE16800,40944767,,,
796131,RE16813,44109658,,,
796130,RE17051,44109658,,,
796129,RE17087,40944767,,,
796128,RE17084,40861304,,,
796127,RE17022,40861304,,,
796126,RE17262,40944660,,,
796125,RE17028,40944660,,,
801251,RE17293,44556041,,,
799651,RE17304,44556041,32494110391,,0494/11.03.91
796146,RE17237,42493855,,,
796145,RE17235,40944767,,,
796144,RE17405,40944767,,,
796143,RE17440,44556041,,,
796142,RE17429,40944660,,,
796141,RE17428,44109658,,,
796140,RE16760,44109658,,,
801465,RE17190,40944660,,,
801466,RE17174,44109658,,,
801463,RE17374,40944767,,,
801464,RE17140,40944660,,,
796139,RE16727,40944660,,,
801469,RE16934,40944767,,,
796138,RE16721,40944767,,,
796137,RE16722,44556041,,,
801467,RE17181,44109658,,,
796136,RE16957,44109658,,,
801468,RE16907,40944767,,,
801461,RE17378,40944767,,,
801462,RE17132,40944660,0491/204628/404,,0491/50.26.52/404
801460,RE17163,44109658,,0498/60.29.00 /404,
797001,RE16839,44109658,,,0491/36.68.75
796151,RE16865,42493855,,,
796150,RE17391,40944767,,,
796149,RE17158,40944660,0491297872/404,,
796148,RE17220,40944767,,,
796147,RE17008,42493855,,,
801472,RE16928,40861304,,,
801470,RE16941,42493855,,,
801471,RE16944,40944660,,,
798101,RE16664,44556041,,,
798100,RE17236,44109658,,,
797251,RE16845,42493855,,,
798351,RE16883,40944660,,,
799201,RE16679,40944660,0478/35.87.55,,
801051,RE17023,40944660,,,0495/75.79.92
799451,RE16696,40944767,,,
799901,RE17355,40944660,,,
796651,RE16876,40861304,,,
796401,RE16868,40861304,,,
797752,RE16675,42493855,,,
797510,RE16694,44556041,32498546242,,
797751,RE16658,40861304,,04/365.47.54,0485/47.83.53
797507,RE17310,40944660,,,
797506,RE16654,44556041,,,0497/17.50.17
797505,RE16652,40944767,,,
797504,RE16878,40944767,,,
797503,RE16668,42493855,,,
797502,RE16660,40944767,,,
797501,RE16850,42493855,,,
797509,RE16687,44556041,,,
797508,RE16684,44109658,,,
798851,RE17308,44556041,,,
797763,RE17358,40861304,,,
797521,RE17030,44556041,,,
797762,RE17113,44556041,0496155081/404,,0472/73.16.75
797520,RE17270,40861304,,,
797761,RE16692,40944767,,,
797760,RE16698,44556041,,,
797518,RE17276,40944660,,,
797759,RE16683,40944767,,,
797517,RE17340,40861304,,,
797758,RE17325,40861304,,,
797516,RE17121,44556041,,,
797757,RE16655,44556041,0472/584021,,
797515,RE17127,42493855,,,
797756,RE16894,40861304,,,
797514,RE17351,44556041,,,
797755,RE16891,40944660,,,
797513,RE17353,40861304,,,
797754,RE16885,42493855,,,
797512,RE17302,40861304,,,
797753,RE16670,40944660,0497716200,,0497/71.62.00
797511,RE17301,40861304,,,
798601,RE16892,44556041,,,
797519,RE17037,40944767,32492071945,04/237.02.61 connaissance,0498/36.03.88 compagne
799951,RE17116,40944767,,,
799952,RE17362,40861304,,plus bon 0479/45.06.75,
796201,RE16864,44109658,,,
800901,RE17035,42493855,,,
797774,RE17082,40944660,,,
797532,RE17068,44109658,,,
797773,RE17077,40861304,,,
797531,RE17294,44556041,,,
797772,RE17252,42493855,,,
797530,RE17059,40944660,04/228.82.16,,0498/67.67.49
797771,RE17010,40861304,,,
797770,RE17013,40861304,,,
797529,RE17071,40861304,0493398157,,
797528,RE17021,44109658,,,
797769,RE17046,44556041,,,
797527,RE17019,40861304,0496024087,04/267.70.52,0498/43.16.83 epouse
797768,RE17341,40944767,,,
797526,RE17044,42493855,,,
797767,RE17344,44109658,,,
797525,RE17042,44556041,,,
797766,RE17122,42493855,042310405,,
797524,RE17282,42493855,,,
797765,RE17119,40944660,0499/81.66.82,1307 = pas de raccordement,0470/10.14.52
797523,RE17040,40861304,,,0493/16.99.13
797764,RE17352,44109658,,,0497/23.96.49
797522,RE17045,40944767,,,
799701,RE16690,40944660,,,
799960,RE17075,40944660,,,
799961,RE17057,40861304,,,
799962,RE16824,40861304,,,
799963,RE16832,40861304,,,
797301,RE16844,44109658,,,
797785,RE16743,44556041,,,
797543,RE16790,42493855,,,
797784,RE16742,44556041,,,0494/26.67.88
797542,RE16954,40861304,,,
797783,RE16818,40944767,,,
797541,RE16986,44109658,,,
796451,RE16872,44109658,,,
797782,RE16815,40944660,,,
797540,RE16982,42493855,,,
797781,RE17096,42493855,,,
797780,RE17092,44556041,0493/74.80.39,,0493/74.80.39/404
797539,RE16978,44109658,32468382252,,
797538,RE16737,40944767,,,
797779,RE17062,40861304,,,
797537,RE16807,40944660,,,
797778,RE17067,44556041,,,
797536,RE16811,40861304,,,
797777,RE17290,42493855,,,
797535,RE17098,44556041,,,
797776,RE17298,44556041,,,0489/11.15.31/404
797534,RE17060,40944767,,,
797775,RE17085,44556041,,,
797533,RE17069,40944660,,,
799953,RE17329,42493855,,,
799954,RE17031,42493855,,,
799955,RE17275,40861304,,,
799956,RE17012,44109658,,,
799957,RE17015,40944660,,,
799958,RE17258,40944767,,,
799959,RE17250,44556041,,,
799970,RE16991,42493855,,,
799971,RE16713,44556041,,,
799972,RE16715,42493855,,,
799973,RE16717,40944767,,,
798401,RE16884,44556041,,,
799974,RE16959,40861304,,,
797554,RE16677,44556041,32465251510,,0499/22.75.41
797796,RE17422,44109658,,,
797553,RE16673,40944767,0498353389/404,,
797795,RE17415,42493855,,,
797552,RE16666,40944767,,,
797794,RE17439,42493855,,,
797551,RE16852,44109658,,,
797793,RE17434,40944660,,,
797792,RE16772,44556041,,,
797550,RE17239,44556041,,,
797791,RE16757,44109658,,,
797790,RE16791,40861304,,,
797549,RE17423,40944767,,,
797548,RE17418,40861304,04/374.07.81/404,,0495/19.57.96
797789,RE16970,44109658,,,
797547,RE17417,44556041,,,
797788,RE16729,40861304,,,
797546,RE17206,42493855,,,
797787,RE16960,40944767,,,
797545,RE17442,40944660,,,
797786,RE16958,44109658,,,
797544,RE16758,42493855,,,
799964,RE16831,42493855,0032492454533/404,,
799965,RE16803,40861304,,,0497/88.82.97
799966,RE16739,44556041,,,
799967,RE16984,40944660,,,
799968,RE16744,42493855,,,
799969,RE16987,44109658,,,
799980,RE16768,44556041,,,
799981,RE17432,44109658,,,
798651,RE16893,44109658,,,
799982,RE17204,40944660,,,
799983,RE17408,40861304,,,
799984,RE17414,44109658,,,
799501,RE16697,40944767,,,
799985,RE17397,44556041,,,
797565,RE17117,40944660,0487744234/404,,0487/74.42.34/404
797564,RE17357,44109658,,,
797563,RE17111,40944767,,,
797562,RE17303,40944660,,,
797561,RE17315,40944660,,,
797560,RE17314,42493855,,,
797559,RE16898,44109658,,,
797558,RE16656,42493855,32468376129,,
797557,RE16887,40944767,,,0466/26.51.49
797799,RE17248,40944660,04/265.46.12,=> maman,0495/16.15.70
797556,RE16882,40944767,,,
797798,RE17232,40944660,,,
797555,RE16877,40861304,,,
797797,RE17421,44556041,,,
799975,RE16966,44109658,,,
799976,RE16973,40944660,,,
799977,RE16782,42493855,,,
799978,RE16796,40861304,,,
799979,RE16765,44109658,,,
800701,RE17343,44109658,,,
795701,RE16856,40944660,,,
800951,RE17256,42493855,,,
801801,RE16915,40861304,,,
801802,RE16922,40861304,,,
796801,RE16833,44556041,,,
795951,RE16861,44556041,,,
797903,RE16880,44556041,,,
797902,RE16667,40944660,,,
797901,RE16659,44556041,,,
797909,RE17354,40944660,,,
797908,RE17306,42493855,087/30.15.00 /404,,
797907,RE17307,40861304,,,
797906,RE16648,42493855,,,0493/17 96 06
797905,RE16889,44556041,,,
797904,RE16643,40861304,,,
797914,RE17349,44109658,04 250 14 77,,
797913,RE17346,40861304,,,
797912,RE17347,40944660,,,
797911,RE17336,42493855,,,
797910,RE17331,40944660,,,
800700,RE16943,40861304,,,
797919,RE17032,42493855,,,
797918,RE17272,40944660,,,
797917,RE17038,40944660,,,
797916,RE17036,42493855,,,
797915,RE17034,44556041,,,
800505,RE17020,44556041,,,
800506,RE17083,42493855,,,
800503,RE17049,40944660,,,
800504,RE17017,44109658,,,
800509,RE16802,42493855,,,
800507,RE17050,40944660,,,
800508,RE17095,40944660,,,
797925,RE17070,42493855,,,
800751,RE17342,40944660,0495124643,,
797924,RE17079,40944660,,,
797923,RE17253,40944767,,,
797922,RE17257,40944767,,04/222.40.14,0497/06.39.32
797921,RE17280,40944767,,,
800512,RE16996,44109658,,,
801601,RE17154,40944660,,fille 0465968864,
797920,RE17047,44109658,,,
800513,RE16975,44109658,,,
801602,RE17375,44556041,,,
800510,RE16981,44109658,,,
800511,RE16745,42493855,,,
797929,RE17066,40944660,,,
797928,RE17053,40861304,,,
797927,RE17292,40944767,,,
797926,RE17299,42493855,32484861127/404,,
800516,RE16785,40861304,,,
801605,RE17143,40861304,0466/36.64.84,,
800517,RE17401,42493855,,,
801606,RE17384,44556041,,,
800514,RE16974,40944660,,,
801603,RE17386,40944767,,,
800515,RE16779,40944767,32494059973,,
801604,RE17388,44556041,,,
801609,RE16704,42493855,0468/368615,04/269.98.15,0498/76.49.36/404
800518,RE17403,40944767,,,
801607,RE17171,42493855,,,
800519,RE16756,40944660,,,
801608,RE16933,44109658,32492121463,mari 0492020199/404,belleM019325033
797936,RE16736,42493855,,,
797935,RE16806,40944767,,,
800520,RE17438,44109658,,,
797934,RE16804,44556041,,,
797933,RE16801,40944660,,,
796601,RE16873,40944767,,,
797932,RE16830,40944767,,,
800523,RE17244,44109658,,,
801612,RE16910,44556041,,,
797931,RE16825,40944767,,,
800524,RE17005,40944767,,,0475/69.09.80
801613,RE16916,44556041,,,
795751,RE16855,40944767,,,
797930,RE16820,44109658,,,
800521,RE17200,44556041,,,
801610,RE16947,44109658,,,
800522,RE17410,40944660,,,
801611,RE16911,44109658,,,
797939,RE16725,42493855,,,
797938,RE16748,44556041,,,
797937,RE16741,40944767,,,
797950,RE17445,40861304,,,
797947,RE16770,42493855,,,
797946,RE16767,40944660,,,
797945,RE16764,40944767,,,
797944,RE16798,40944660,,,
797701,RE16853,40944767,,,
797943,RE16799,44109658,,,
797942,RE16784,44556041,,,
797941,RE16778,40861304,,,
796851,RE16836,40944660,,,
797940,RE16733,42493855,,,
797949,RE17203,40944767,,,
797948,RE17436,40861304,,,
800501,RE17328,44109658,,,
800502,RE17104,40944767,,,
797951,RE16661,40944660,,,
798801,RE17309,44109658,,,
799351,RE16681,42493855,,,
800668,RE16810,40861304,,,
801515,RE16912,40944767,,,
800669,RE16734,44556041,,,
800673,RE16714,44556041,,,
800674,RE16961,44109658,,,
800671,RE16993,40944660,,,
800672,RE16752,44556041,,,
800677,RE16793,40944767,,,
800678,RE17400,44109658,,,
800675,RE16724,42493855,,,
800676,RE16965,40944660,,0496 32 22 69,
800670,RE16983,40861304,,,
800679,RE16761,40944660,,,
800684,RE17412,40861304,,,
800201,RE17364,44109658,,,
800685,RE17426,40861304,,,
800682,RE17444,42493855,,,0497/57.19.93
800683,RE17205,44109658,,,
800688,RE17243,40944660,,,
800689,RE17209,40944660,,,
800686,RE17238,40944660,0499397022,,0466/41.06.10 (fille)
800687,RE17001,44556041,,,0493/41.67.25
800680,RE16771,40861304,,,
800681,RE17202,40861304,,,
800651,RE17101,42493855,0466/48.52.08 /404,,0466/13.79.96
800652,RE17345,40861304,,,
800655,RE17018,42493855,,,
801502,RE17241,42493855,,,
800656,RE17267,44556041,,,
801503,RE17219,42493855,,,
800653,RE17283,40861304,,,
800654,RE17043,44556041,,,
801501,RE17249,44556041,,,
798052,RE16671,44556041,04/262.87.12,,0468/37.94.38
798051,RE16665,44109658,04/252.28.37,04/252.32.87,0496/42.59.19
800659,RE17078,40944767,,,
801506,RE17155,44109658,,,
798059,RE17320,44556041,,,0493/66.80.90
801507,RE17152,40861304,,,0496/89.03.93
798058,RE17316,44556041,,,0492/08.09.50
800657,RE17260,44109658,,,
801504,RE17218,44109658,,,
798057,RE16895,40861304,,,
800658,RE17261,40944767,,,
801505,RE17224,40944767,,,
798056,RE16649,40861304,,,
798055,RE16647,44109658,,0478/81.76.66/404,075/58.36.84/404
798054,RE16879,42493855,,,
801508,RE17164,40944767,,,0472/64.67.01
798053,RE16678,44109658,,,
801509,RE17185,40861304,,,
800662,RE17291,40861304,,,
801751,RE16950,42493855,,,
800663,RE17063,44556041,0476/37.12.93/404,,
801510,RE16935,40944660,,,
800660,RE17080,44109658,32494943372,Masquer n? ?tude !,0493/52.02.75
800661,RE17058,40944767,,,
800666,RE17097,40861304,,,
801513,RE16951,40861304,,,
800667,RE16814,42493855,,,
801514,RE16953,44556041,,,
800664,RE17093,44109658,,,
801511,RE16936,42493855,,,
800665,RE17094,40944767,,,
801512,RE16706,40944767,,,
798063,RE17128,40861304,04/2661650,,
798062,RE17350,40861304,04712845244/404,,
798061,RE17115,42493855,,,
798060,RE17114,42493855,,,
801319,RE17430,40861304,,,
798069,RE17074,40944767,,,
801317,RE16762,44556041,,,0498/37.09.05/404
801559,RE16908,40944660,,,
798068,RE17263,44556041,,,
801318,RE16774,40944767,,,
798067,RE17254,44556041,,,
798066,RE17286,44109658,,,
799151,RE17326,44556041,,,
798065,RE17279,40861304,,,
798064,RE17102,42493855,,,
801322,RE17201,44109658,,,
801323,RE17409,44109658,,,
801320,RE17435,44556041,,,
801562,RE16946,44109658,,,
801321,RE17441,40944767,,,
801326,RE17390,44109658,,,
801327,RE17161,40861304,0497689524,,FAMILLE 0471/80.30.95
801324,RE17416,40944660,,,
801325,RE17234,40861304,,,
801560,RE16901,44556041,,,
801561,RE16932,44556041,,,
798074,RE17054,40861304,04/233.45.15,,0472/73.36.48
798073,RE17055,40944660,04/265.52.31,,0499/74.30.11
798072,RE17052,44109658,,,
798071,RE17088,40944660,,,
798070,RE17081,40944767,32486485513,,
801328,RE17144,40944660,0478/07.23.19,,
798079,RE16812,40944767,,,
801329,RE17191,42493855,04/337.28.32,,0498/31.82.77
798078,RE16819,40944660,,,
798077,RE17090,42493855,,,
798076,RE17064,44109658,32496407175,,0474/70.80.14
798075,RE17061,42493855,,,
801333,RE16708,44556041,,,
801334,RE16914,42493855,,,
801331,RE17177,44556041,,,
800000,RE16703,44556041,,,
800001,RE17118,44556041,0492/941552,,0490/39.06.77
801332,RE17186,44556041,04/252.70.75/404,,0474/44.54.92/404
801335,RE16923,44556041,32498544399/404,04/336.42.84/404,0476/76.12.05 MARI
801336,RE16925,40944767,,,
801330,RE17195,40944767,32493711307/404,,
798085,RE16720,40861304,,,
798084,RE16956,40944660,,,
798083,RE16988,40861304,,,
798082,RE16980,40944767,,,
798081,RE16809,44109658,,,
798080,RE16816,44556041,,,
798089,RE16971,42493855,,,
798088,RE16969,40944767,,,
798087,RE16964,40944660,,,
798086,RE16962,42493855,,,
795801,RE16858,40861304,,,
800695,RE17381,40861304,,,
801301,RE17295,42493855,,,
800696,RE17380,42493855,,,
800451,RE17120,40944767,04/233.94.76,,0494/49.45.55
800693,RE17168,40944767,,,
800694,RE17371,44556041,,,
801304,RE16829,44556041,0474/05.53.41,04/262.92.44,
800699,RE17187,44109658,,,
801305,RE16828,40944660,,,
801302,RE17065,40944767,,,
800697,RE17385,42493855,,,
801303,RE16817,40861304,,,
800698,RE17180,44556041,,,0475/29.47.89
800691,RE17157,40944767,32496088475,,
800692,RE17395,42493855,,,
800690,RE17213,42493855,,,
798096,RE16777,40861304,,,
798095,RE16775,40944660,,04/265.71.31,0495/79.68.64
798094,RE16795,42493855,,,
798093,RE16792,40861304,,,
798092,RE16788,42493855,,,
798091,RE16786,40944767,,,
798090,RE16731,44556041,,,
801308,RE16755,40944767,,,
801309,RE16955,40944660,,,
801306,RE16976,40944660,,,
801307,RE16990,44109658,,,
798099,RE17424,40944660,,,
798098,RE17431,40944767,,,
798097,RE16776,42493855,,,
801311,RE16963,40861304,,,
801553,RE17227,40944660,,,
796901,RE16835,40944767,,,
801312,RE16968,40861304,,,
801554,RE17199,40944767,,,
801551,RE17000,40944767,,,
801310,RE16719,44556041,,,
801552,RE17207,44556041,,,
801315,RE16781,44109658,,,
801557,RE17176,40944660,,,
801316,RE16998,40944767,,,
801558,RE17182,40944767,,,
801313,RE16730,40944767,,,
801555,RE17198,40861304,,,
801314,RE16972,40861304,,,
801556,RE17170,40944767,,,
799990,RE17139,40944767,,,
799991,RE17370,40861304,,,
799992,RE17130,42493855,,,
799751,RE17109,42493855,,,
799993,RE17131,40861304,,,
799994,RE17145,44109658,0494/48.12.57,,
799995,RE17149,40944660,,,
799996,RE17197,42493855,,,
797576,RE17014,40861304,,,
797575,RE17009,40944767,,,
796001,RE16860,40944660,,,
797574,RE17287,40861304,,,
797573,RE17274,44109658,,,
797572,RE17100,44556041,,,
797571,RE17330,40944767,,,
797570,RE17334,40944767,,,
801366,RE17136,40944660,,,0498/37.18.85
801367,RE17377,42493855,,,
801364,RE17225,44109658,,,
801365,RE17133,44109658,,,0493/70.27.89/404
797569,RE17332,44556041,,,
797568,RE17363,40944660,,,
797567,RE17129,40944767,0497/10.58.13 (mere),,
801368,RE17138,44109658,,,0495/13.20.20
797566,RE17125,44556041,,0485/75.95.76 BFILS,0465/95.72.34 OK
801369,RE17372,44109658,,,
799986,RE17159,42493855,,,0488/67.67.27
799987,RE17165,40944660,042272170,,0494/25.65.56/404
799988,RE17135,40861304,,,
799989,RE17137,44556041,,,
801362,RE17212,44109658,0491591592,,0470/24.23.22
801363,RE17226,42493855,,,
801360,RE17245,44109658,,,
801361,RE17247,40861304,,,
797587,RE16979,40861304,,,
797586,RE16805,44109658,,,
797101,RE16840,40944660,,,0498/53.95.79
797585,RE16826,44109658,,,
797584,RE16827,42493855,,,
797583,RE16823,44556041,,,
796251,RE16867,44556041,,,
797582,RE17099,44109658,,,
797581,RE17086,44109658,,,
797580,RE17089,44556041,,,
801377,RE17175,40944767,,,
801378,RE16938,44556041,,,
801375,RE17194,44109658,,,
801376,RE17178,44109658,32499422624/404,04/275.56.55,
797579,RE17268,42493855,,,
797578,RE17024,44109658,,,
801379,RE16940,40944660,,,
797577,RE17259,44556041,,,
799997,RE17189,40861304,,,
801370,RE17147,40861304,,,0477/98.85.65
799998,RE16700,40944767,,,
799999,RE16702,44556041,,,
801373,RE17382,40944767,,,
801374,RE17192,40861304,32498777943,,
801371,RE17389,42493855,,,
801372,RE17146,44109658,,,
797590,RE16989,40944767,32474248249,,
797598,RE17404,44556041,,,
797597,RE16728,44556041,,,
798201,RE16672,44109658,,,
797596,RE16967,44109658,,,
797595,RE16718,40944660,,,
797594,RE16712,40944767,0470588231,0492/45.04.13 maman,0472/63.36.89/404
797351,RE16847,44556041,,,
797593,RE16997,40861304,,,
797592,RE16753,42493855,,,
797591,RE16750,40944767,,,
801101,RE17026,40861304,,,
797589,RE16747,40944660,,,
797588,RE16746,40944767,,,
800251,RE17124,40944767,04/385.03.89/404,,0491/59.66.83/404
798451,RE16645,40944660,043612103,,
799301,RE16686,40944660,0492701900,,003295334225839
801355,RE17420,42493855,,,
801356,RE17229,44109658,,,0479/37.59.19
801353,RE17433,42493855,,,
801354,RE17411,44556041,32493991280,,0493/99.12.60
801359,RE17003,42493855,,,
801357,RE17233,44556041,,,0497/38.31.89 /404 lui
797599,RE16759,40861304,,,
801358,RE17231,40944767,,,
801351,RE16769,40944767,,,
801352,RE17427,44556041,,,
799551,RE17305,42493855,,,
796051,RE16863,40944767,,,
798001,RE16663,40861304,,,
797151,RE16843,40944767,,,0483/40.84.44/404
801380,RE16707,40944660,,,
801381,RE16918,42493855,,,
801384,RE16930,44556041,,,
800051,RE17359,40944767,,,
801382,RE16920,40944660,,,
801383,RE16926,40944660,,,
799101,RE17324,42493855,,,
798251,RE16674,40944660,0495367309,,0495/36.73.09
801151,RE17027,40944767,,,0495/82.65.68
797851,RE16899,44109658,32494722475 /404,,
797606,RE17367,40944660,,,
797605,RE17110,42493855,0492/17.18.08,,
797604,RE17311,40861304,,,
797603,RE16897,40944660,,,
797602,RE16642,44109658,,,0495/48.44.11
797601,RE16851,44556041,,,
797600,RE16766,42493855,,,
797609,RE17360,44109658,,,
797608,RE17361,42493855,,,
797607,RE17369,44109658,,,
798951,RE17317,40861304,,,0493/05.27.75
797620,RE17091,40861304,,,
797617,RE17269,40861304,,,
797616,RE17025,44109658,,,
797615,RE17041,40944767,,,
797614,RE17284,40944660,,,
797613,RE17273,44109658,,,0494/94.92.96
797612,RE17107,42493855,,,
797611,RE17337,40944660,,,
797610,RE17333,40861304,,,
798701,RE16896,40944660,,,
797619,RE17056,44109658,,,
797618,RE17076,42493855,,,
797631,RE16789,40944660,,,
797630,RE16780,44556041,,,0493/18.53.50/404
797628,RE16732,44556041,,,
797627,RE16726,40944767,,,
797626,RE16723,44556041,,,
797625,RE16754,42493855,,,
797624,RE16992,40861304,,,
797623,RE16751,44556041,,,
797622,RE16977,44109658,,,
797621,RE16808,44556041,,,
799801,RE17108,44109658,,04/369.26.35/404,0499/18.48.10/404
797629,RE16783,40944660,,,
797642,RE17006,44556041,,,
797641,RE17002,42493855,,,
796551,RE16874,40944660,,,
797640,RE17419,40944767,,,
797639,RE17406,40944660,,,
797638,RE17437,40944767,,,
797637,RE16773,44109658,,,
797636,RE16763,40861304,,,
797635,RE16999,44556041,,,
797634,RE17402,40944767,,,
797633,RE16797,40944660,,,
796301,RE16866,40944660,,,
797632,RE16794,44556041,,,
797411,RE17277,44109658,,,
797410,RE17106,44556041,,,
797651,RE16854,40944660,,,
797650,RE16903,40944767,,,
797408,RE17300,44109658,,,
797407,RE16695,42493855,0498/736637,,
797649,RE17173,44556041,0474742045,,
797406,RE16689,40944767,,,
797648,RE17172,40861304,0486 43 11 30,,
797405,RE17322,40944767,,,
797647,RE17376,42493855,,,
797404,RE17313,44109658,,,
797646,RE17169,40944660,,,
797403,RE16650,44109658,,,
797645,RE17399,40861304,,,
797402,RE16881,44109658,0489/53.59.59 /404,,0465/92.76.72/404
797644,RE17208,44109658,,,0493/44.31.21
797401,RE16846,40944660,,,
797643,RE17007,44109658,,,
797409,RE17335,44109658,,,
798751,RE16890,40944767,,,
797422,RE17073,44109658,,,
797421,RE17264,42493855,,,
797420,RE17029,42493855,,,
797419,RE17265,40944767,,,
797418,RE17266,44556041,,,0497/17.58.29
797417,RE17251,44109658,,,
797416,RE17255,42493855,,,
797415,RE17281,44109658,,,
797414,RE17289,44556041,,,
797413,RE17048,42493855,,,
797412,RE17039,44556041,,,
798501,RE16644,40861304,,,0456/15.85.49
799851,RE17112,44556041,0493841992,,
796102,RE16870,42493855,,,
797433,RE17443,44556041,,,
796101,RE16862,40861304,,,
797432,RE16787,44109658,,,
797431,RE16716,42493855,,,
797430,RE16994,40944660,,,
797429,RE16995,44109658,,,
797428,RE16749,40861304,,,
797427,RE16740,40861304,,,
797426,RE16822,40944660,,,
797425,RE16821,42493855,,,
797424,RE17296,42493855,,,
797423,RE17297,40944767,,,
799601,RE16699,44109658,,,
796113,RE16682,40861304,,,
797444,RE17142,44109658,,,
797201,RE16842,40861304,,,
796112,RE17327,44109658,,,
797443,RE17141,44109658,,,
796111,RE17323,40944660,,,
797442,RE17379,40944660,,,
796110,RE17318,40944767,,,
797441,RE17160,42493855,,,
796351,RE16869,40944767,,,
797440,RE17166,44556041,,,
796109,RE16653,40944767,,,
796108,RE16651,42493855,,,
797439,RE17167,44109658,,,
796107,RE16888,40944767,,,
797438,RE17394,42493855,,,
796106,RE16886,42493855,,,
797437,RE17222,44556041,,,
796105,RE16662,42493855,,,0499/40.89.84
797436,RE17242,40861304,,,
796104,RE16848,40861304,,,
797435,RE17246,40861304,,,
796103,RE16838,40861304,,,
797434,RE17413,40944767,0465683971,0497/77.08.54 m?re,0493/34.45.67
800601,RE17339,40861304,,,
800801,RE17103,40944767,,,
796701,RE16875,42493855,,,
795851,RE16857,42493855,,,
797801,RE16657,42493855,,,
797800,RE17240,40944660,,,
796951,RE16837,42493855,,,
800401,RE17368,40944660,,,
798901,RE17312,40944767,,,
801701,RE16945,40944660,,,
800851,RE17348,40944660,,,
796751,RE16834,44109658,,,
801702,RE16948,40861304,,04/379.73.96/404,0498/63.00.81
801703,RE16929,40944767,32493562281,,
796501,RE16871,44556041,,,0493/44.31.21
